Method,Feature,Min,Max,Mean,Std_ddof0
Original,sepal_length,4.3,7.9,5.843333333333334,0.8253012917851409
Original,sepal_width,2.0,4.4,3.0540000000000003,0.4321465800705435
Original,petal_length,1.0,6.9,3.758666666666666,1.7585291834055212
Original,petal_width,0.1,2.5,1.1986666666666668,0.7606126185881716
Min-Max,sepal_length,0.0,1.0,0.42870370370370364,0.22925035882920577
Min-Max,sepal_width,0.0,1.0,0.43916666666666665,0.1800610750293931
Min-Max,petal_length,0.0,1.0,0.4675706214689264,0.29805579379754593
Min-Max,petal_width,0.0,1.0,0.45777777777777773,0.3169219244117382
Z-score,sepal_length,-1.870024133847019,2.4920192021244283,-4.736951571734001e-16,1.0
Z-score,sepal_width,-2.438987252491841,3.1146839106774356,-6.631732200427602e-16,0.9999999999999999
Z-score,petal_length,-1.5687352207168408,1.7863413146490472,3.315866100213801e-16,0.9999999999999998
Z-score,petal_width,-1.4444496972795189,1.7109015831854495,-2.842170943040401e-16,1.0
