,method,feature,min,max,mean,std_ddof0,std_ddof1
0,Original,sepal_length,4.3,7.9,5.843333333333334,0.8253012917851409,0.828066127977863
1,Original,sepal_width,2.0,4.4,3.0540000000000003,0.4321465800705435,0.4335943113621737
2,Original,petal_length,1.0,6.9,3.758666666666666,1.7585291834055212,1.7644204199522626
3,Original,petal_width,0.1,2.5,1.1986666666666668,0.7606126185881716,0.7631607417008411
4,MinMax,sepal_length,0.0,1.0,0.42870370370370364,0.2292503588292058,0.23001836888273972
5,MinMax,sepal_width,0.0,1.0,0.43916666666666665,0.1800610750293931,0.18066429640090564
6,MinMax,petal_length,0.0,1.0,0.4675706214689264,0.29805579379754593,0.2990543084664852
7,MinMax,petal_width,0.0,1.0,0.4577777777777778,0.31692192441173817,0.3179836423753505
8,Zscore,sepal_length,-1.870024133847019,2.4920192021244283,-4.736951571734001e-16,1.0,1.0033500931359767
9,Zscore,sepal_width,-2.438987252491841,3.1146839106774356,-6.631732200427602e-16,0.9999999999999999,1.0033500931359767
10,Zscore,petal_length,-1.5687352207168408,1.7863413146490472,3.315866100213801e-16,0.9999999999999998,1.0033500931359765
11,Zscore,petal_width,-1.4444496972795189,1.7109015831854495,-2.842170943040401e-16,1.0,1.0033500931359767
