PC1,PC2,PC3,PC4,species
-2.2645417283949043,0.5057039027737851,0.12194334778175993,-0.023073323454622027,Iris-setosa
-2.08642550061616,-0.6554047293691346,0.22725083239924804,-0.10320824441705656,Iris-setosa
-2.3679504490625267,-0.31847731084724856,-0.05147962364496685,-0.027825225022452126,Iris-setosa
-2.3041971611520107,-0.575367712533195,-0.09886044443740293,0.06631146221369405,Iris-setosa
-2.3887774935056427,0.6747673967025164,-0.021427848973115567,0.03739728700029207,Iris-setosa
-2.0705368071805537,1.5185485598885144,-0.030684258280725418,-0.004398774942173982,Iris-setosa
-2.4457113396302845,0.07456267500687484,-0.3421976362137544,0.03809656680192279,Iris-setosa
-2.2338418587092668,0.24761393175226584,0.08257446445485098,0.025505162266299307,Iris-setosa
-2.341957676455392,-1.0951463625829554,-0.15356239869462493,0.026793829109861944,Iris-setosa
-2.188675755280871,-0.4486290483375588,0.24655952238860807,0.039907303493150824,Iris-setosa
-2.1634865562665224,1.0705955760377277,0.2640093733471046,-0.015301137681095468,Iris-setosa
-2.3273777541343748,0.15858745465947685,-0.10016561562692791,0.13455425844213462,Iris-setosa
-2.2240827220450035,-0.7091181580302259,0.2232145139927611,-0.0026306138163773585,Iris-setosa
-2.639716260844631,-0.9382819821078536,-0.18957003015127175,0.01942201828947458,Iris-setosa
-2.1922915084984287,1.8899785123164676,0.46948009463594703,-0.1927820421741643,Iris-setosa
-2.251465214584064,2.7223710765744715,-0.03260379665903337,-0.04712570434049518,Iris-setosa
-2.2027504800800854,1.5137502825462203,0.001363491581393894,-0.1866315810030728,Iris-setosa
-2.1901791637910524,0.5143043082206938,0.0386155948801196,-0.09190550672499459,Iris-setosa
-1.8940742930236678,1.431110706941238,0.37074283399203306,-0.05952809678732564,Iris-setosa
-2.339949070423408,1.1580334289850023,-0.13741771892565444,0.03982818416405639,Iris-setosa
-1.9145563949595172,0.43046516328013895,0.4160068747562895,-0.010360224024472287,Iris-setosa
-2.204645397533814,0.9524573172889994,-0.16473834638054358,-0.05772916223092501,Iris-setosa
-2.7741697937051577,0.48951702650349627,-0.33883638434349433,-0.017853729739385978,Iris-setosa
-1.8204115633372144,0.106750792835407,-0.04006147242624766,-0.1503455949692834,Iris-setosa
-2.228217499459726,0.16218616266619768,-0.12420142802351737,0.2712288629878086,Iris-setosa
-1.957024007341398,-0.6078925674838077,0.2985910287763136,-0.043837288716910866,Iris-setosa
-2.0520633112766875,0.26601431198165587,-0.09209297881395305,-0.06660100275922137,Iris-setosa
-2.1681936533450212,0.5520164953235409,0.20129548162435176,-0.009260569269702356,Iris-setosa
-2.140305963284158,0.3366404088450551,0.2653145445366298,-0.08354393390953598,Iris-setosa
-2.268790194387878,-0.31487860284052777,-0.07551543604155608,0.10884937952322234,Iris-setosa
-2.144554429277136,-0.4839420967692585,0.06785576071331637,0.048378769068308396,Iris-setosa
-1.8319381022015873,0.4452668355028082,0.2653752438840748,-0.23914099359566715,Iris-setosa
-2.608202867663347,1.8284751927341025,-0.05141951815449965,0.2319225927483226,Iris-setosa
-2.4379508590951415,2.185391615630894,0.07934975488701794,0.051021029096418466,Iris-setosa
-2.188675755280871,-0.4486290483375588,0.24655952238860807,0.039907303493150824,Iris-setosa
-2.211119896812423,-0.1843378105402781,0.21862452774493657,-0.16861976852859253,Iris-setosa
-2.0444165193198005,0.6849564262949377,0.47941157047978455,-0.1956133142910675,Iris-setosa
-2.188675755280871,-0.4486290483375588,0.24655952238860807,0.039907303493150824,Iris-setosa
-2.4359522029660217,-0.8821694147756167,-0.20155758667584334,0.009960790719246132,Iris-setosa
-2.170547201884271,0.2927269549664473,0.1699385357629751,-0.006240285064005806,Iris-setosa
-2.286527238840931,0.4679917156709389,-0.04073653896247468,-0.10571826090991408,Iris-setosa
-1.871707223536953,-2.327691606114911,0.1945286098578806,-0.29169298175369296,Iris-setosa
-2.5578344195375142,-0.4538163804897926,-0.3135718375693397,0.06741111696846369,Iris-setosa
-1.964279290354738,0.4973916400183844,-0.31475561006397534,-0.17554020617535798,Iris-setosa
-2.133372832920028,1.1714321117742048,-0.25279322168941076,0.15322880695458252,Iris-setosa
-2.0753575928373076,-0.6919173471364096,0.056559008189487024,-0.14029498035712268,Iris-setosa
-2.381258216802373,1.1506325928736676,-0.06210190348954709,0.15421856894965394,Iris-setosa
-2.39819168766264,-0.3623907647258565,-0.1468556324186212,0.049478423823078085,Iris-setosa
-2.2267812130915186,1.025482552823546,0.17664530203897955,0.016444309649210002,Iris-setosa
-2.205954168648403,0.03223784527378024,0.14659352736712897,-0.04877820237353427,Iris-setosa
1.1039936528045737,0.8631124458513243,0.6855551077942372,-0.034977861346302916,Iris-versicolor
0.7324814400086813,0.5986355733419974,0.09406680197491318,-0.004453763665294029,Iris-versicolor
1.2421095053189386,0.6148224496122867,0.5548465341001643,-0.009673357380529725,Iris-versicolor
0.3973072828233262,-1.7581689474435271,0.018569482353449376,-0.06739784684940416,Iris-versicolor
1.0725939482015456,-0.211757902679896,0.3974474376045002,-0.10554166197880964,Iris-versicolor
0.3844581461690012,-0.5910624686227369,-0.12679768959169122,0.24052808168915288,Iris-versicolor
0.7487150759515535,0.7786986113887823,-0.14865602261265648,0.07830106654969686,Iris-versicolor
-0.4978633877981196,-1.848868771275443,-0.25555524997842527,0.03938913946158062,Iris-versicolor
0.9262223675330988,0.03033082678338083,0.5954598892691504,0.029102420356239438,Iris-versicolor
0.0049680255843181555,-1.0294011124030886,-0.5428670487940237,0.028348762854349216,Iris-versicolor
-0.12469746138037273,-2.6580626779617624,0.039813448185631824,-0.016140557336709955,Iris-versicolor
0.43873011778054666,-0.058881285021454455,-0.2067034912756232,-0.03985145780865966,Iris-versicolor
0.551633981422507,-1.772581564856256,0.7613802230457307,-0.0483536968144208,Iris-versicolor
0.7171650662368515,-0.18543431450504422,0.06729984236136129,0.16455567525261788,Iris-versicolor
-0.03725838296568882,-0.432795098714169,-0.198061449156796,-0.10902512149295572,Iris-versicolor
0.875890535940684,0.5099981510591475,0.5035058317132015,-0.10514128702567029,Iris-versicolor
0.3480064019802085,-0.19062164665727802,-0.49283151759658683,0.19205948872793047,Iris-versicolor
0.15339254456866672,-0.7907254562344861,0.29860451573021135,0.20432121498445802,Iris-versicolor
1.2153032092161533,-1.6333556445154838,0.47940991382614534,-0.22821450025077106,Iris-versicolor
0.15694117564424998,-1.303103270172912,0.16858674603688112,0.050413197095028846,Iris-versicolor
0.7382561043698963,0.40247038161853604,-0.6167726256672098,0.08445152772078811,Iris-versicolor
0.47236968234456833,-0.41660822244387963,0.2627182829684551,-0.11424471520819167,Iris-versicolor
1.2279882140834424,-0.9409147925302733,0.36670485893190596,0.008448347853649257,Iris-versicolor
0.629381045314902,-0.4168116425417726,0.2899624736113835,0.27349487866875444,Iris-versicolor
0.7004727992084585,-0.06349392765170248,0.4447675590494915,-0.04408128952882464,Iris-versicolor
0.8735369874014344,0.2507086107020539,0.47214888585182485,-0.10212100281997359,Iris-versicolor
1.2542221905224507,-0.08262009981311294,0.7268435294994509,-0.040829417668902905,Iris-versicolor
1.3582398473872723,0.32882026627040184,0.2614580736618596,-0.06701379087004879,Iris-versicolor
0.6621261375659376,-0.2243460709434644,-0.08736810691734037,0.03635253628210065,Iris-versicolor
-0.04728151331988077,-1.0572124126050209,0.31531919466201425,-0.06600770990119399,Iris-versicolor
0.12153420888011772,-1.5635923798655789,0.14524173764103498,0.007875279785500395,Iris-versicolor
0.014118226051386743,-1.5733923546480606,0.23658142800820192,0.031149261540648527,Iris-versicolor
0.23601083732659653,-0.7759237840118172,0.14797288485799684,-0.024459554586736723,Iris-versicolor
1.0566914280905766,-0.6369012837689377,-0.10675323371866033,0.1834192358538588,Iris-versicolor
0.22141708833021767,-0.28084769308564045,-0.6675596602128351,0.25555038338854064,Iris-versicolor
0.4317831607410541,0.8551369202180029,-0.4507314870527181,0.11114616863477163,Iris-versicolor
1.049413355219181,0.5221972645127766,0.396142266414975,-0.03729886575036885,Iris-versicolor
1.0358782103228241,-1.3924664843877819,0.6854343029563255,-0.13912861943094676,Iris-versicolor
0.06706759987298,-0.21262073489338892,-0.2941282619311932,0.14749104920777664,Iris-versicolor
0.2754250662518333,-1.329815913157703,-0.09344476854004694,-0.009947520600186626,Iris-versicolor
0.27233506626177123,-1.119441524119405,-0.09817189094727725,0.26984263185569407,Iris-versicolor
0.6231705397262217,0.027542633302294235,0.019304654380142967,0.14772263686200168,Iris-versicolor
0.33000536383722606,-0.9889007318191555,0.19596807283921522,-0.007626516196120723,Iris-versicolor
-0.3736276226873781,-2.0179322652041733,-0.11218405322355289,-0.021081470993333223,Iris-versicolor
0.28294434295510223,-0.8539507169865507,-0.13411882305647876,0.10687376134917541,Iris-versicolor
0.08905311031901122,-0.17490854779054194,-0.13144837518696098,0.23013598666306898,Iris-versicolor
0.22435678320860583,-0.3804846594865458,-0.15876900264185,0.13257864026808752,Iris-versicolor
0.5738834855584672,-0.1537199740800653,0.2700394164332424,0.019409605131785874,Iris-versicolor
-0.45701287250467615,-1.5394645102639815,-0.19612617331397275,-0.20088337989046778,Iris-versicolor
0.25224447326946886,-0.5958607459650315,-0.09474993972957196,0.05829527562825366,Iris-versicolor
1.8476725943096652,0.8716966617734132,-1.0027609857792776,0.05106803681426435,Iris-virginica
1.153189808252129,-0.7013261138565761,-0.5314646350398203,0.04041358070335126,Iris-virginica
2.206349497126595,0.5544701049349224,0.20549591009804025,-0.059300499635737386,Iris-virginica
1.4386854023261824,-0.05001052226888605,-0.16339046381870645,0.23575986114753905,Iris-virginica
1.8678907025555853,0.29119280176116896,-0.3940043331868135,0.016781799560496143,Iris-virginica
2.7541967088257544,0.7884322063548448,0.5862327043799538,0.10087967431930953,Iris-virginica
0.35837447484166646,-1.5600945839772902,-0.9909998953229906,0.13298743787627773,Iris-virginica
2.3030058981503205,0.40951669522194295,0.6541666870038293,0.23721279845106033,Iris-virginica
2.0017352992189172,-0.7238653593126604,0.39407044826972454,0.08499382235833264,Iris-virginica
2.2675545991022705,1.9214429914653557,-0.39251765781193165,-0.10290729826943186,Iris-virginica
1.365909429202215,0.6939480398041613,-0.28327951601832685,-0.10701091825611421,Iris-virginica
1.5990645856518695,-0.4282488359003403,-0.023304082122133005,-0.058942700248030645,Iris-virginica
1.8842518537520752,0.41433275795008395,-0.02454855396421368,-0.14629696370572098,Iris-virginica
1.253086514377591,-1.1673913352452463,-0.5821302708905555,-0.09968168300115836,Iris-virginica
1.4640615229856224,-0.44414756947912387,-1.0041105249947537,-0.27502217252390343,Iris-virginica
1.5918093026385294,0.6770353716018519,-0.6366507209624216,-0.19064561770647742,Iris-virginica
1.4712801894655443,0.25319247196681527,-0.03665750918367585,0.15543592809631268,Iris-virginica
2.4373784821935103,2.556757341494803,0.13420008174692696,0.2756615502307263,Iris-virginica
3.3091411826760804,-0.0023613201020838623,0.706933959275208,-0.04675618750450157,Iris-virginica
1.2539809866905771,-1.7175838442659785,0.2646220838822472,0.06306740198596326,Iris-virginica
2.0404962596630405,0.9073987650150532,-0.2318781142839188,-0.1671400482971044,Iris-virginica
0.9739151144704732,-0.5711743763662666,-0.829503781073395,-0.027318947812251245,Iris-virginica
2.8980644358432777,0.39779135917186753,0.8609268420176822,0.1260742855253842,Iris-virginica
1.3291936913234936,-0.4867605419037244,0.004707349333498355,-0.14059787570825136,Iris-virginica
1.7042407085196067,1.0141484248357855,-0.2959578765436417,0.06274037602885994,Iris-virginica
1.9577276617934372,1.0033345154297773,0.4228170517520502,0.21845913060951747,Iris-virginica
1.1719045079878687,-0.3188966173105681,-0.1306519099558438,-0.12568546676856254,Iris-virginica
1.0197810528162632,0.06554296309664796,-0.33804216962299505,0.009068508326185313,Iris-virginica
1.7860088612484686,-0.19327279985689189,-0.2700025257687445,-0.031207299118493154,Iris-virginica
1.8647779127074677,0.5553815315789894,0.7175106833798804,0.20755676787059577,Iris-virginica
2.435497391415145,0.24665446806897365,0.7302340057881251,0.016793601695323793,Iris-virginica
2.3160824119611574,2.6261838690226282,0.4996195425630397,0.21316041756518705,Iris-virginica
1.8603714258523165,-0.18467239440998368,-0.35333027867038164,-0.10003948238886591,Iris-virginica
1.1112717256759694,-0.29598610243039086,0.1826596076606021,0.18574024025792463,Iris-virginica
1.1974691551180379,-0.817167741913617,0.16321378151183719,0.48840399951581415,Iris-virginica
2.80094940373403,0.8447481937849745,0.547000957212454,-0.29632114712786495,Iris-virginica
1.5801552485205377,1.0724744961271229,-0.9433926084622691,-0.03360742285165314,Iris-virginica
1.3470444243548025,0.42225596589554604,-0.18002870593854797,0.21590653855122657,Iris-virginica
0.9234329777663844,0.0192303705468931,-0.4173943034655892,-0.004744245858734553,Iris-virginica
1.8535519840664416,0.6724227289716039,0.014820329362692715,-0.19487544942664217,Iris-virginica
2.01615720067776,0.6103970375551131,-0.42591494688952675,-0.2467647015467004,Iris-virginica
1.903116858599488,0.6860248318586997,-0.12779936404399175,-0.4692144205130621,Iris-virginica
1.153189808252129,-0.7013261138565761,-0.5314646350398203,0.04041358070335126,Iris-virginica
2.0433084392878103,0.8646848804720187,-0.33526606052310326,-0.04427819793634945,Iris-virginica
2.0016909669349987,1.048550046623418,-0.6292688881501901,-0.21258835705263093,Iris-virginica
1.870522071460126,0.3828218376229984,-0.25453231867902226,-0.38889048746183535,Iris-virginica
1.5584918907237173,-0.9053136014070666,0.025381909859827884,-0.22132218371261686,Iris-virginica
1.5208450639985909,0.26679457485391084,-0.17927720259036034,-0.11890304299010682,Iris-virginica
1.3763911906419286,1.0163619287948862,-0.9314050519376965,-0.024146195281424532,Iris-virginica
0.9592985756160382,-0.02228394466056728,-0.5287941871703029,0.16367580601724474,Iris-virginica
