0,1
-2.2645417283949043,0.5057039027737844
-2.0864255006161585,-0.6554047293691345
-2.3679504490625254,-0.31847731084724906
-2.3041971611520085,-0.5753677125331953
-2.388777493505642,0.6747673967025156
-2.0705368071805537,1.518548559888514
-2.445711339630283,0.07456267500687402
-2.2338418587092654,0.24761393175226534
-2.3419576764553898,-1.0951463625829554
-2.1886757552808693,-0.4486290483375589
-2.1634865562665224,1.0705955760377268
-2.327377754134374,0.15858745465947624
-2.2240827220450017,-0.7091181580302259
-2.6397162608446285,-0.938281982107854
-2.1922915084984296,1.8899785123164663
-2.2514652145840652,2.7223710765744698
-2.202750480080086,1.5137502825462195
-2.1901791637910515,0.5143043082206931
-1.8940742930236683,1.4311107069412377
-2.339949070423408,1.1580334289850012
-1.914556394959517,0.43046516328013856
-2.2046453975338136,0.9524573172889986
-2.7741697937051564,0.4895170265034951
-1.8204115633372135,0.10675079283540649
-2.228217499459725,0.1621861626661971
-1.9570240073413965,-0.6078925674838077
-2.0520633112766866,0.26601431198165526
-2.168193653345021,0.5520164953235404
-2.1403059632841575,0.33664040884505453
-2.2687901943878765,-0.3148786028405282
-2.1445544292771346,-0.48394209676925865
-1.8319381022015868,0.4452668355028077
-2.6082028676633477,1.8284751927341008
-2.437950859095143,2.1853916156308926
-2.1886757552808693,-0.4486290483375589
-2.2111198968124217,-0.18433781054027834
-2.0444165193198,0.6849564262949372
-2.1886757552808693,-0.4486290483375589
-2.4359522029660194,-0.8821694147756171
-2.17054720188427,0.2927269549664468
-2.28652723884093,0.4679917156709381
-1.87170722353695,-2.32769160611491
-2.5578344195375124,-0.45381638048979317
-1.9642792903547368,0.4973916400183834
-2.133372832920028,1.1714321117742037
-2.075357592837306,-0.6919173471364096
-2.3812582168023733,1.1506325928736667
-2.398191687662638,-0.362390764725857
-2.2267812130915186,1.0254825528235452
-2.205954168648402,0.032237845273779875
1.1039936528045715,0.8631124458513248
0.7324814400086805,0.5986355733419972
1.2421095053189373,0.614822449612287
0.39730728282332767,-1.758168947443526
1.0725939482015447,-0.2117579026798954
0.38445814616900165,-0.5910624686227367
0.7487150759515526,0.7786986113887819
-0.4978633877981177,-1.8488687712754424
0.9262223675330981,0.030330826783381462
0.004968025584319522,-1.0294011124030884
-0.12469746138036995,-2.6580626779617607
0.43873011778054666,-0.05888128502145449
0.5516339814225076,-1.7725815648562546
0.7171650662368513,-0.18543431450504394
-0.0372583829656883,-0.432795098714169
0.8758905359406827,0.5099981510591479
0.34800640198020866,-0.1906216466572782
0.15339254456866713,-0.7907254562344855
1.2153032092161542,-1.6333556445154824
0.15694117564425097,-1.3031032701729115
0.7382561043698959,0.40247038161853566
0.47236968234456844,-0.4166082224438792
1.2279882140834424,-0.9409147925302725
0.6293810453149019,-0.41681164254177205
0.7004727992084581,-0.06349392765170196
0.8735369874014334,0.2507086107020543
1.2542221905224498,-0.0826200998131121
1.3582398473872712,0.32882026627040223
0.6621261375659375,-0.22434607094346423
-0.047281513319879905,-1.0572124126050202
0.12153420888011905,-1.563592379865578
0.014118226051388077,-1.5733923546480597
0.23601083732659706,-0.7759237840118165
1.0566914280905766,-0.6369012837689373
0.2214170883302182,-0.2808476930856407
0.4317831607410533,0.8551369202180025
1.0494133552191798,0.5221972645127768
1.0358782103228246,-1.3924664843877805
0.06706759987298028,-0.212620734893389
0.2754250662518345,-1.3298159131577023
0.2723350662617723,-1.1194415241194042
0.6231705397262214,0.02754263330229439
0.33000536383722673,-0.9889007318191548
-0.37362762268737565,-2.017932265204173
0.28294434295510296,-0.8539507169865503
0.08905311031901145,-0.17490854779054188
0.22435678320860616,-0.3804846594865457
0.573883485558467,-0.1537199740800649
-0.4570128725046743,-1.5394645102639808
0.2522444732694694,-0.5958607459650311
1.8476725943096641,0.8716966617734125
1.1531898082521295,-0.701326113856576
2.206349497126593,0.5544701049349228
1.438685402326182,-0.050010522268885776
1.8678907025555844,0.2911928017611689
2.7541967088257517,0.7884322063548453
0.3583744748416684,-1.5600945839772902
2.3030058981503188,0.4095166952219438
2.0017352992189164,-0.7238653593126594
2.2675545991022674,1.921442991465355
1.3659094292022136,0.6939480398041612
1.5990645856518695,-0.42824883590033963
1.8842518537520743,0.4143327579500842
1.2530865143775918,-1.167391335245246
1.4640615229856226,-0.4441475694791241
1.5918093026385285,0.6770353716018515
1.4712801894655436,0.25319247196681544
2.437378482193507,2.5567573414948024
3.309141182676079,-0.002361320102082569
1.253980986690578,-1.7175838442659774
2.0404962596630387,0.9073987650150531
0.9739151144704737,-0.5711743763662667
2.8980644358432763,0.39779135917186864
1.3291936913234934,-0.48676054190372403
1.7042407085196052,1.014148424835785
1.957727661793435,1.0033345154297775
1.1719045079878685,-0.3188966173105679
1.019781052816263,0.06554296309664791
1.7860088612484681,-0.1932727998568916
1.8647779127074657,0.5553815315789901
2.4354973914151423,0.2466544680689746
2.316082411961153,2.6261838690226282
1.860371425852316,-0.18467239440998345
1.111271725675969,-0.2959861024303903
1.197469155118038,-0.8171677419136162
2.800949403734028,0.8447481937849753
1.5801552485205366,1.072474496127122
1.3470444243548014,0.42225596589554615
0.9234329777663841,0.019230370546892986
1.8535519840664405,0.6724227289716043
2.0161572006777586,0.6103970375551129
1.9031168585994869,0.6860248318586996
1.1531898082521295,-0.701326113856576
2.043308439287809,0.8646848804720187
2.0016909669349974,1.0485500466234177
1.870522071460125,0.3828218376229984
1.5584918907237173,-0.9053136014070661
1.5208450639985902,0.2667945748539109
1.3763911906419275,1.0163619287948853
0.9592985756160379,-0.022283944660567424
