,sepal_length,sepal_width,petal_length,petal_width
0,-0.9006811702978088,1.0320572244889565,-1.3412724047598314,-1.3129767272601454
1,-1.1430169111851105,-0.12495760117130933,-1.3412724047598314,-1.3129767272601454
2,-1.3853526520724133,0.3378483290927974,-1.3981381087490836,-1.3129767272601454
3,-1.5065205225160652,0.10644536396074403,-1.284406700770579,-1.3129767272601454
4,-1.0218490407414595,1.2634601896210098,-1.3412724047598314,-1.3129767272601454
5,-0.537177558966854,1.957669085017169,-1.1706752927920745,-1.0500307872213979
6,-1.5065205225160652,0.8006542593569032,-1.3412724047598314,-1.1815037572407716
7,-1.0218490407414595,0.8006542593569032,-1.284406700770579,-1.3129767272601454
8,-1.7488562634033669,-0.3563605663033627,-1.3412724047598314,-1.3129767272601454
9,-1.1430169111851105,0.10644536396074403,-1.284406700770579,-1.4444496972795189
10,-0.537177558966854,1.494863154753063,-1.284406700770579,-1.3129767272601454
11,-1.2641847816287624,0.8006542593569032,-1.2275409967813267,-1.3129767272601454
12,-1.2641847816287624,-0.12495760117130933,-1.3412724047598314,-1.4444496972795189
13,-1.870024133847019,-0.12495760117130933,-1.5118695167275884,-1.4444496972795189
14,-0.05250607719224957,2.1890720501492225,-1.4550038127383362,-1.3129767272601454
15,-0.1736739476359004,3.1146839106774356,-1.284406700770579,-1.0500307872213979
16,-0.537177558966854,1.957669085017169,-1.3981381087490836,-1.0500307872213979
17,-0.9006811702978088,1.0320572244889565,-1.3412724047598314,-1.1815037572407716
18,-0.1736739476359004,1.7262661198851155,-1.1706752927920745,-1.1815037572407716
19,-0.9006811702978088,1.7262661198851155,-1.284406700770579,-1.1815037572407716
20,-0.537177558966854,0.8006542593569032,-1.1706752927920745,-1.3129767272601454
21,-0.9006811702978088,1.494863154753063,-1.284406700770579,-1.0500307872213979
22,-1.5065205225160652,1.2634601896210098,-1.5687352207168408,-1.3129767272601454
23,-0.9006811702978088,0.5692512942248498,-1.1706752927920745,-0.9185578172020242
24,-1.2641847816287624,0.8006542593569032,-1.05694388481357,-1.3129767272601454
25,-1.0218490407414595,-0.12495760117130933,-1.2275409967813267,-1.3129767272601454
26,-1.0218490407414595,0.8006542593569032,-1.2275409967813267,-1.0500307872213979
27,-0.7795132998541568,1.0320572244889565,-1.284406700770579,-1.3129767272601454
28,-0.7795132998541568,0.8006542593569032,-1.3412724047598314,-1.3129767272601454
29,-1.3853526520724133,0.3378483290927974,-1.2275409967813267,-1.3129767272601454
30,-1.2641847816287624,0.10644536396074403,-1.2275409967813267,-1.3129767272601454
31,-0.537177558966854,0.8006542593569032,-1.284406700770579,-1.0500307872213979
32,-0.7795132998541568,2.4204750152812746,-1.284406700770579,-1.4444496972795189
33,-0.4160096885232032,2.651877980413329,-1.3412724047598314,-1.3129767272601454
34,-1.1430169111851105,0.10644536396074403,-1.284406700770579,-1.4444496972795189
35,-1.0218490407414595,0.3378483290927974,-1.4550038127383362,-1.3129767272601454
36,-0.4160096885232032,1.0320572244889565,-1.3981381087490836,-1.3129767272601454
37,-1.1430169111851105,0.10644536396074403,-1.284406700770579,-1.4444496972795189
38,-1.7488562634033669,-0.12495760117130933,-1.3981381087490836,-1.3129767272601454
39,-0.9006811702978088,0.8006542593569032,-1.284406700770579,-1.3129767272601454
40,-1.0218490407414595,1.0320572244889565,-1.3981381087490836,-1.1815037572407716
41,-1.6276883929597161,-1.7447783570956819,-1.3981381087490836,-1.1815037572407716
42,-1.7488562634033669,0.3378483290927974,-1.3981381087490836,-1.3129767272601454
43,-1.0218490407414595,1.0320572244889565,-1.2275409967813267,-0.7870848471826506
44,-0.9006811702978088,1.7262661198851155,-1.05694388481357,-1.0500307872213979
45,-1.2641847816287624,-0.12495760117130933,-1.3412724047598314,-1.1815037572407716
46,-0.9006811702978088,1.7262661198851155,-1.2275409967813267,-1.3129767272601454
47,-1.5065205225160652,0.3378483290927974,-1.3412724047598314,-1.3129767272601454
48,-0.658345429410506,1.494863154753063,-1.284406700770579,-1.3129767272601454
49,-1.0218490407414595,0.5692512942248498,-1.3412724047598314,-1.3129767272601454
50,1.401508368131566,0.3378483290927974,0.5352958268854957,0.2646989129723388
51,0.6745011454696588,0.3378483290927974,0.4215644189069909,0.3961718829917126
52,1.2803404976879151,0.10644536396074403,0.6490272348640005,0.3961718829917126
53,-0.4160096885232032,-1.7447783570956819,0.13723589896072927,0.13322594295296525
54,0.7956690159133096,-0.587763531435416,0.4784301228962431,0.3961718829917126
55,-0.1736739476359004,-0.587763531435416,0.4215644189069909,0.13322594295296525
56,0.5533332750260068,0.5692512942248498,0.5352958268854957,0.5276448530110863
57,-1.1430169111851105,-1.5133753919636286,-0.26082402896403717,-0.2611929671051558
58,0.9168368863569605,-0.3563605663033627,0.4784301228962431,0.13322594295296525
59,-0.7795132998541568,-0.8191664965674684,0.08037019497147688,0.2646989129723388
60,-1.0218490407414595,-2.438987252491841,-0.1470926209855324,-0.2611929671051558
61,0.06866179325140237,-0.12495760117130933,0.250967306939234,0.3961718829917126
62,0.18982966369505322,-1.9761813222277342,0.13723589896072927,-0.2611929671051558
63,0.31099753413870407,-0.3563605663033627,0.5352958268854957,0.2646989129723388
64,-0.29484181807955234,-0.3563605663033627,-0.09022691699628003,0.13322594295296525
65,1.0380047568006125,0.10644536396074403,0.3646987149177388,0.2646989129723388
66,-0.29484181807955234,-0.12495760117130933,0.4215644189069909,0.3961718829917126
67,-0.05250607719224957,-0.8191664965674684,0.19410160294998138,-0.2611929671051558
68,0.432165404582356,-1.9761813222277342,0.4215644189069909,0.3961718829917126
69,-0.29484181807955234,-1.281972426831575,0.08037019497147688,-0.12971999708578205
70,0.06866179325140237,0.3378483290927974,0.5921615308747479,0.7905907930498337
71,0.31099753413870407,-0.587763531435416,0.13723589896072927,0.13322594295296525
72,0.5533332750260068,-1.281972426831575,0.6490272348640005,0.3961718829917126
73,0.31099753413870407,-0.587763531435416,0.5352958268854957,0.001752972933591456
74,0.6745011454696588,-0.3563605663033627,0.30783301092848614,0.13322594295296525
75,0.9168368863569605,-0.12495760117130933,0.3646987149177388,0.2646989129723388
76,1.1591726272442633,-0.587763531435416,0.5921615308747479,0.2646989129723388
77,1.0380047568006125,-0.12495760117130933,0.7058929388532527,0.6591178230304598
78,0.18982966369505322,-0.3563605663033627,0.4215644189069909,0.3961718829917126
79,-0.1736739476359004,-1.0505694616995218,-0.1470926209855324,-0.2611929671051558
80,-0.4160096885232032,-1.5133753919636286,0.02350449098222449,-0.12971999708578205
81,-0.4160096885232032,-1.5133753919636286,-0.03336121300702764,-0.2611929671051558
82,-0.05250607719224957,-0.8191664965674684,0.08037019497147688,0.001752972933591456
83,0.18982966369505322,-0.8191664965674684,0.7627586428425047,0.5276448530110863
84,-0.537177558966854,-0.12495760117130933,0.4215644189069909,0.3961718829917126
85,0.18982966369505322,0.8006542593569032,0.4215644189069909,0.5276448530110863
86,1.0380047568006125,0.10644536396074403,0.5352958268854957,0.3961718829917126
87,0.5533332750260068,-1.7447783570956819,0.3646987149177388,0.13322594295296525
88,-0.29484181807955234,-0.12495760117130933,0.19410160294998138,0.13322594295296525
89,-0.4160096885232032,-1.281972426831575,0.13723589896072927,0.13322594295296525
90,-0.4160096885232032,-1.0505694616995218,0.3646987149177388,0.001752972933591456
91,0.31099753413870407,-0.12495760117130933,0.4784301228962431,0.2646989129723388
92,-0.05250607719224957,-1.0505694616995218,0.13723589896072927,0.001752972933591456
93,-1.0218490407414595,-1.7447783570956819,-0.26082402896403717,-0.2611929671051558
94,-0.29484181807955234,-0.8191664965674684,0.250967306939234,0.13322594295296525
95,-0.1736739476359004,-0.12495760117130933,0.250967306939234,0.001752972933591456
96,-0.1736739476359004,-0.3563605663033627,0.250967306939234,0.13322594295296525
97,0.432165404582356,-0.3563605663033627,0.30783301092848614,0.13322594295296525
98,-0.9006811702978088,-1.281972426831575,-0.43142114093179407,-0.12971999708578205
99,-0.1736739476359004,-0.587763531435416,0.19410160294998138,0.13322594295296525
100,0.5533332750260068,0.5692512942248498,1.274549978745776,1.7109015831854495
101,-0.05250607719224957,-0.8191664965674684,0.7627586428425047,0.9220637630692072
102,1.522676238575217,-0.12495760117130933,1.2176842747565237,1.1850097031079547
103,0.5533332750260068,-0.3563605663033627,1.0470871627887663,0.7905907930498337
104,0.7956690159133096,-0.12495760117130933,1.1608185707672711,1.3164826731273285
105,2.1285155907934734,-0.12495760117130933,1.6157442026812898,1.1850097031079547
106,-1.1430169111851105,-1.281972426831575,0.4215644189069909,0.6591178230304598
107,1.7650119794625196,-0.3563605663033627,1.4451470907135329,0.7905907930498337
108,1.0380047568006125,-1.281972426831575,1.1608185707672711,0.7905907930498337
109,1.643844109018869,1.2634601896210098,1.331415682735028,1.7109015831854495
110,0.7956690159133096,0.3378483290927974,0.7627586428425047,1.053536733088581
111,0.6745011454696588,-0.8191664965674684,0.8764900508210095,0.9220637630692072
112,1.1591726272442633,-0.12495760117130933,0.9902214587995143,1.1850097031079547
113,-0.1736739476359004,-1.281972426831575,0.7058929388532527,1.053536733088581
114,-0.05250607719224957,-0.587763531435416,0.7627586428425047,1.5794286131660755
115,0.6745011454696588,0.3378483290927974,0.8764900508210095,1.4479556431467018
116,0.7956690159133096,-0.12495760117130933,0.9902214587995143,0.7905907930498337
117,2.2496834612371255,1.7262661198851155,1.6726099066705424,1.3164826731273285
118,2.2496834612371255,-1.0505694616995218,1.7863413146490472,1.4479556431467018
119,0.18982966369505322,-1.9761813222277342,0.7058929388532527,0.3961718829917126
120,1.2803404976879151,0.3378483290927974,1.103952866778019,1.4479556431467018
121,-0.29484181807955234,-0.587763531435416,0.6490272348640005,1.053536733088581
122,2.2496834612371255,-0.587763531435416,1.6726099066705424,1.053536733088581
123,0.5533332750260068,-0.8191664965674684,0.6490272348640005,0.7905907930498337
124,1.0380047568006125,0.5692512942248498,1.103952866778019,1.1850097031079547
125,1.643844109018869,0.3378483290927974,1.274549978745776,0.7905907930498337
126,0.432165404582356,-0.587763531435416,0.5921615308747479,0.7905907930498337
127,0.31099753413870407,-0.12495760117130933,0.6490272348640005,0.7905907930498337
128,0.6745011454696588,-0.587763531435416,1.0470871627887663,1.1850097031079547
129,1.643844109018869,-0.12495760117130933,1.1608185707672711,0.5276448530110863
130,1.8861798499061717,-0.587763531435416,1.331415682735028,0.9220637630692072
131,2.4920192021244283,1.7262661198851155,1.5020127947027855,1.053536733088581
132,0.6745011454696588,-0.587763531435416,1.0470871627887663,1.3164826731273285
133,0.5533332750260068,-0.587763531435416,0.7627586428425047,0.3961718829917126
134,0.31099753413870407,-1.0505694616995218,1.0470871627887663,0.2646989129723388
135,2.2496834612371255,-0.12495760117130933,1.331415682735028,1.4479556431467018
136,0.5533332750260068,0.8006542593569032,1.0470871627887663,1.5794286131660755
137,0.6745011454696588,0.10644536396074403,0.9902214587995143,0.7905907930498337
138,0.18982966369505322,-0.12495760117130933,0.5921615308747479,0.7905907930498337
139,1.2803404976879151,0.10644536396074403,0.9333557548102621,1.1850097031079547
140,1.0380047568006125,0.10644536396074403,1.0470871627887663,1.5794286131660755
141,1.2803404976879151,0.10644536396074403,0.7627586428425047,1.4479556431467018
142,-0.05250607719224957,-0.8191664965674684,0.7627586428425047,0.9220637630692072
143,1.1591726272442633,0.3378483290927974,1.2176842747565237,1.4479556431467018
144,1.0380047568006125,0.5692512942248498,1.103952866778019,1.7109015831854495
145,1.0380047568006125,-0.12495760117130933,0.8196243468317573,1.4479556431467018
146,0.5533332750260068,-1.281972426831575,0.7058929388532527,0.9220637630692072
147,0.7956690159133096,-0.12495760117130933,0.8196243468317573,1.053536733088581
148,0.432165404582356,0.8006542593569032,0.9333557548102621,1.4479556431467018
149,0.06866179325140237,-0.12495760117130933,0.7627586428425047,0.7905907930498337
